-- phpMyAdmin SQL Dump
-- version 5.2.0
-- https://www.phpmyadmin.net/
--
-- Host: 127.0.0.1
-- Generation Time: Jun 05, 2023 at 03:11 PM
-- Server version: 10.4.27-MariaDB
-- PHP Version: 8.2.0

SET SQL_MODE = "NO_AUTO_VALUE_ON_ZERO";
START TRANSACTION;
SET time_zone = "+00:00";


/*!40101 SET @OLD_CHARACTER_SET_CLIENT=@@CHARACTER_SET_CLIENT */;
/*!40101 SET @OLD_CHARACTER_SET_RESULTS=@@CHARACTER_SET_RESULTS */;
/*!40101 SET @OLD_COLLATION_CONNECTION=@@COLLATION_CONNECTION */;
/*!40101 SET NAMES utf8mb4 */;

--
-- Database: `pizzadb`
--

-- --------------------------------------------------------

--
-- Table structure for table `berichten`
--

CREATE TABLE `berichten` (
  `berichtID` int(11) NOT NULL,
  `email` varchar(100) NOT NULL,
  `bericht` text NOT NULL
) ENGINE=InnoDB DEFAULT CHARSET=utf8mb4 COLLATE=utf8mb4_general_ci;

--
-- Dumping data for table `berichten`
--

INSERT INTO `berichten` (`berichtID`, `email`, `bericht`) VALUES
(1, 'viktor.v.t@hotmail.com', 'test 1 2 3');

-- --------------------------------------------------------

--
-- Table structure for table `bestellijnen`
--

CREATE TABLE `bestellijnen` (
  `bestelLijnID` int(11) NOT NULL,
  `bestelID` int(11) NOT NULL,
  `pizzaID` int(11) NOT NULL,
  `aantal` int(2) NOT NULL
) ENGINE=InnoDB DEFAULT CHARSET=utf8mb4 COLLATE=utf8mb4_general_ci;

--
-- Dumping data for table `bestellijnen`
--

INSERT INTO `bestellijnen` (`bestelLijnID`, `bestelID`, `pizzaID`, `aantal`) VALUES
(1, 1, 6, 2),
(2, 7, 6, 2),
(3, 7, 10, 1),
(4, 8, 6, 2),
(5, 8, 10, 1),
(6, 9, 2, 1),
(7, 9, 7, 2),
(8, 9, 10, 1),
(9, 11, 1, 2),
(10, 11, 2, 1),
(11, 11, 3, 1),
(12, 11, 4, 2),
(13, 12, 5, 2),
(14, 12, 7, 1),
(15, 12, 8, 1),
(16, 13, 6, 1),
(17, 13, 7, 1),
(18, 13, 8, 2),
(19, 14, 6, 1),
(20, 14, 8, 1),
(21, 14, 7, 2),
(22, 15, 1, 1),
(23, 15, 8, 1),
(24, 15, 7, 2),
(25, 15, 11, 4),
(26, 15, 12, 1),
(27, 16, 6, 1),
(28, 16, 7, 1),
(29, 17, 6, 1),
(30, 17, 7, 1),
(31, 17, 8, 1),
(32, 18, 8, 3),
(33, 19, 5, 3),
(34, 20, 6, 1),
(35, 20, 9, 1),
(36, 20, 10, 1),
(37, 21, 7, 3),
(38, 22, 5, 3),
(39, 23, 8, 3),
(40, 24, 8, 3),
(41, 25, 8, 3),
(42, 26, 8, 3),
(43, 27, 5, 3),
(44, 28, 5, 3),
(45, 29, 5, 3),
(46, 30, 5, 3),
(47, 31, 10, 1),
(48, 31, 9, 1),
(49, 31, 8, 1),
(50, 31, 11, 1),
(51, 32, 8, 2),
(52, 33, 7, 3),
(53, 34, 5, 4),
(54, 35, 2, 1),
(55, 35, 3, 3),
(56, 35, 1, 1),
(57, 36, 2, 3),
(58, 37, 8, 4),
(59, 38, 8, 4),
(60, 39, 8, 4),
(61, 40, 8, 2),
(62, 41, 5, 2),
(63, 42, 5, 1),
(64, 42, 6, 1),
(65, 43, 2, 1),
(66, 44, 1, 1),
(67, 44, 3, 1),
(68, 45, 2, 1),
(69, 46, 3, 1),
(70, 47, 2, 1),
(71, 48, 2, 1),
(72, 49, 2, 1),
(73, 50, 2, 1),
(74, 51, 2, 1),
(75, 52, 3, 1),
(76, 53, 3, 1),
(77, 54, 3, 1),
(78, 55, 3, 1),
(79, 56, 3, 1),
(80, 57, 3, 1),
(81, 58, 3, 1),
(82, 59, 3, 1),
(83, 60, 3, 1),
(84, 61, 3, 1),
(85, 62, 3, 1),
(86, 63, 3, 1),
(87, 64, 3, 1),
(88, 65, 3, 1),
(89, 66, 3, 1),
(90, 67, 3, 1),
(91, 68, 3, 1),
(92, 69, 3, 1),
(93, 70, 3, 1),
(94, 71, 3, 1),
(95, 72, 3, 1),
(96, 73, 3, 1),
(97, 74, 3, 1),
(98, 75, 3, 1),
(99, 76, 3, 1),
(100, 77, 3, 1),
(101, 78, 3, 1),
(102, 79, 3, 1),
(103, 80, 3, 1),
(104, 81, 3, 1),
(105, 82, 3, 1),
(106, 83, 3, 1),
(107, 84, 3, 1),
(108, 85, 3, 1),
(109, 86, 3, 1),
(110, 87, 3, 1),
(111, 88, 3, 1),
(112, 89, 3, 1),
(113, 90, 3, 1),
(114, 91, 3, 1),
(115, 92, 3, 1),
(116, 93, 3, 1),
(117, 94, 3, 1),
(118, 95, 3, 1),
(119, 96, 3, 1),
(120, 97, 3, 1),
(121, 98, 3, 1),
(122, 99, 3, 1),
(123, 100, 3, 1),
(124, 101, 3, 1),
(125, 102, 3, 1),
(126, 103, 3, 1),
(127, 104, 3, 1),
(128, 105, 3, 1),
(129, 106, 3, 1),
(130, 107, 3, 1),
(131, 108, 3, 1),
(132, 109, 3, 1),
(133, 110, 3, 1),
(134, 111, 3, 1),
(135, 112, 3, 1),
(136, 113, 3, 1),
(137, 114, 3, 1),
(138, 115, 3, 1),
(139, 116, 3, 1),
(140, 117, 3, 1),
(141, 118, 3, 1),
(142, 119, 3, 1),
(143, 119, 2, 1),
(144, 119, 4, 1),
(145, 119, 5, 2),
(146, 120, 3, 1),
(147, 120, 2, 1),
(148, 120, 4, 1),
(149, 120, 5, 2),
(150, 121, 3, 1),
(151, 121, 2, 1),
(152, 121, 4, 1),
(153, 121, 5, 2),
(154, 122, 3, 1),
(155, 122, 2, 1),
(156, 122, 4, 1),
(157, 122, 5, 2),
(158, 123, 3, 1),
(159, 123, 2, 1),
(160, 123, 4, 1),
(161, 123, 5, 2),
(162, 124, 3, 1),
(163, 124, 2, 1),
(164, 124, 4, 1),
(165, 124, 5, 2),
(166, 125, 3, 1),
(167, 125, 2, 1),
(168, 125, 4, 1),
(169, 125, 5, 2),
(170, 126, 3, 1),
(171, 126, 2, 1),
(172, 126, 4, 1),
(173, 126, 5, 2),
(174, 127, 3, 1),
(175, 127, 2, 1),
(176, 127, 4, 1),
(177, 127, 5, 2),
(178, 128, 3, 1),
(179, 128, 2, 1),
(180, 128, 4, 1),
(181, 128, 5, 2),
(182, 129, 3, 1),
(183, 129, 2, 1),
(184, 129, 4, 1),
(185, 129, 5, 2),
(186, 130, 3, 1),
(187, 130, 2, 1),
(188, 130, 4, 1),
(189, 130, 5, 2),
(190, 131, 3, 1),
(191, 131, 2, 1),
(192, 131, 4, 1),
(193, 131, 5, 2),
(194, 132, 3, 1),
(195, 132, 2, 1),
(196, 132, 4, 1),
(197, 132, 5, 2),
(198, 133, 3, 1),
(199, 133, 2, 1),
(200, 133, 4, 1),
(201, 133, 5, 2),
(202, 134, 3, 1),
(203, 134, 2, 1),
(204, 134, 4, 1),
(205, 134, 5, 2),
(206, 135, 3, 1),
(207, 135, 2, 1),
(208, 135, 4, 1),
(209, 135, 5, 2),
(210, 136, 3, 1),
(211, 136, 2, 1),
(212, 136, 4, 1),
(213, 136, 5, 2),
(214, 137, 3, 1),
(215, 137, 2, 1),
(216, 137, 4, 1),
(217, 137, 5, 2),
(218, 138, 3, 1),
(219, 138, 2, 1),
(220, 138, 4, 1),
(221, 138, 5, 2),
(222, 139, 3, 1),
(223, 139, 2, 1),
(224, 139, 4, 1),
(225, 139, 5, 2),
(226, 140, 3, 1),
(227, 140, 2, 1),
(228, 140, 4, 1),
(229, 140, 5, 2),
(230, 141, 3, 1),
(231, 141, 2, 1),
(232, 141, 4, 1),
(233, 141, 5, 2),
(234, 142, 3, 1),
(235, 142, 2, 1),
(236, 142, 4, 1),
(237, 142, 5, 2),
(238, 143, 3, 1),
(239, 143, 2, 1),
(240, 143, 4, 1),
(241, 143, 5, 2),
(242, 144, 3, 1),
(243, 144, 2, 1),
(244, 144, 4, 1),
(245, 144, 5, 2),
(246, 145, 3, 1),
(247, 145, 2, 1),
(248, 145, 4, 1),
(249, 145, 5, 2),
(250, 146, 3, 1),
(251, 146, 2, 1),
(252, 146, 4, 1),
(253, 146, 5, 2),
(254, 147, 3, 1),
(255, 147, 2, 1),
(256, 147, 4, 1),
(257, 147, 5, 2),
(258, 148, 3, 1),
(259, 148, 2, 1),
(260, 148, 4, 1),
(261, 148, 5, 2),
(262, 149, 3, 1),
(263, 149, 2, 1),
(264, 149, 4, 1),
(265, 149, 5, 2),
(266, 150, 3, 1),
(267, 150, 2, 1),
(268, 150, 4, 1),
(269, 150, 5, 2),
(270, 151, 3, 1),
(271, 151, 2, 1),
(272, 151, 4, 1),
(273, 151, 5, 2),
(274, 152, 3, 1),
(275, 152, 2, 1),
(276, 152, 4, 1),
(277, 152, 5, 2),
(278, 153, 3, 1),
(279, 153, 2, 1),
(280, 153, 4, 1),
(281, 153, 5, 2),
(282, 154, 3, 1),
(283, 154, 2, 1),
(284, 154, 4, 1),
(285, 154, 5, 2),
(286, 155, 3, 1),
(287, 155, 2, 1),
(288, 155, 4, 1),
(289, 155, 5, 2),
(290, 156, 3, 1),
(291, 156, 2, 1),
(292, 156, 4, 1),
(293, 156, 5, 2),
(294, 157, 3, 1),
(295, 157, 2, 1),
(296, 157, 4, 1),
(297, 157, 5, 2),
(298, 158, 3, 1),
(299, 158, 2, 1),
(300, 158, 4, 1),
(301, 158, 5, 2),
(302, 159, 3, 1),
(303, 159, 2, 1),
(304, 159, 4, 1),
(305, 159, 5, 2),
(306, 160, 3, 1),
(307, 160, 2, 1),
(308, 160, 4, 1),
(309, 160, 5, 2),
(310, 161, 3, 1),
(311, 161, 2, 1),
(312, 161, 4, 1),
(313, 161, 5, 2),
(314, 162, 3, 1),
(315, 162, 2, 1),
(316, 162, 4, 1),
(317, 162, 5, 2),
(318, 163, 3, 1),
(319, 163, 2, 1),
(320, 163, 4, 1),
(321, 163, 5, 2),
(322, 164, 3, 1),
(323, 164, 2, 1),
(324, 164, 4, 1),
(325, 164, 5, 2),
(326, 165, 3, 1),
(327, 165, 2, 1),
(328, 165, 4, 1),
(329, 165, 5, 2),
(330, 166, 3, 1),
(331, 166, 2, 1),
(332, 166, 4, 1),
(333, 166, 5, 2),
(334, 167, 3, 1),
(335, 167, 2, 1),
(336, 167, 4, 1),
(337, 167, 5, 2),
(338, 168, 3, 1),
(339, 168, 2, 1),
(340, 168, 4, 1),
(341, 168, 5, 2),
(342, 169, 2, 1),
(343, 169, 8, 1),
(344, 169, 3, 1),
(345, 170, 2, 1),
(346, 170, 8, 1),
(347, 170, 3, 1),
(348, 171, 2, 1),
(349, 171, 8, 1),
(350, 171, 3, 1),
(351, 172, 2, 1),
(352, 172, 8, 1),
(353, 172, 3, 1),
(354, 173, 2, 1),
(355, 173, 8, 1),
(356, 173, 3, 1),
(357, 174, 2, 1),
(358, 174, 8, 1),
(359, 174, 3, 1),
(360, 175, 2, 1),
(361, 175, 8, 1),
(362, 175, 3, 1),
(363, 176, 2, 1),
(364, 176, 8, 1),
(365, 176, 3, 1),
(366, 177, 2, 1),
(367, 177, 8, 1),
(368, 177, 3, 1),
(369, 178, 2, 1),
(370, 178, 8, 1),
(371, 178, 3, 1),
(372, 179, 2, 1),
(373, 179, 8, 1),
(374, 179, 3, 1),
(375, 180, 2, 1),
(376, 180, 8, 1),
(377, 180, 3, 1),
(378, 181, 2, 1),
(379, 181, 8, 1),
(380, 181, 3, 1),
(381, 182, 2, 1),
(382, 182, 8, 1),
(383, 182, 3, 1),
(384, 183, 2, 1),
(385, 183, 8, 1),
(386, 183, 3, 1),
(387, 184, 2, 1),
(388, 184, 8, 1),
(389, 184, 3, 1),
(390, 185, 2, 1),
(391, 185, 8, 1),
(392, 185, 3, 1),
(393, 186, 2, 1),
(394, 186, 8, 1),
(395, 186, 3, 1),
(396, 187, 2, 1),
(397, 187, 8, 1),
(398, 187, 3, 1),
(399, 188, 2, 1),
(400, 188, 8, 1),
(401, 188, 3, 1),
(402, 189, 2, 1),
(403, 189, 8, 1),
(404, 189, 3, 1),
(405, 190, 2, 1),
(406, 190, 8, 1),
(407, 190, 3, 1),
(408, 191, 2, 1),
(409, 191, 8, 1),
(410, 191, 3, 1),
(411, 192, 2, 1),
(412, 192, 8, 1),
(413, 192, 3, 1),
(414, 193, 2, 1),
(415, 193, 8, 1),
(416, 193, 3, 1),
(417, 194, 2, 1),
(418, 194, 8, 1),
(419, 194, 3, 1),
(420, 195, 2, 1),
(421, 195, 8, 1),
(422, 195, 3, 1),
(423, 196, 2, 1),
(424, 196, 8, 1),
(425, 196, 3, 1),
(426, 197, 2, 1),
(427, 197, 8, 1),
(428, 197, 3, 1),
(429, 198, 2, 1),
(430, 198, 8, 1),
(431, 198, 3, 1),
(432, 199, 2, 1),
(433, 199, 8, 1),
(434, 199, 3, 1),
(435, 200, 2, 1),
(436, 200, 8, 1),
(437, 200, 3, 1),
(438, 201, 2, 1),
(439, 201, 8, 1),
(440, 201, 3, 1),
(441, 202, 2, 1),
(442, 202, 8, 1),
(443, 202, 3, 1),
(444, 203, 2, 1),
(445, 203, 8, 1),
(446, 203, 3, 1),
(447, 204, 2, 1),
(448, 204, 8, 1),
(449, 204, 3, 1),
(450, 205, 2, 1),
(451, 205, 8, 1),
(452, 205, 3, 1),
(453, 206, 2, 1),
(454, 206, 8, 1),
(455, 206, 3, 1),
(456, 207, 2, 1),
(457, 207, 8, 1),
(458, 207, 3, 1),
(459, 208, 2, 1),
(460, 208, 8, 1),
(461, 208, 3, 1),
(462, 209, 2, 1),
(463, 209, 8, 1),
(464, 209, 3, 1),
(465, 210, 2, 1),
(466, 210, 8, 1),
(467, 210, 3, 1),
(468, 211, 2, 1),
(469, 211, 8, 1),
(470, 211, 3, 1),
(471, 212, 2, 1),
(472, 212, 8, 1),
(473, 212, 3, 1),
(474, 213, 2, 1),
(475, 213, 8, 1),
(476, 213, 3, 1),
(477, 214, 2, 1),
(478, 214, 8, 1),
(479, 214, 3, 1),
(480, 215, 2, 1),
(481, 215, 8, 1),
(482, 215, 3, 1),
(483, 216, 2, 1),
(484, 216, 8, 1),
(485, 216, 3, 1),
(486, 217, 2, 1),
(487, 217, 8, 1),
(488, 217, 3, 1),
(489, 218, 2, 1),
(490, 218, 8, 1),
(491, 218, 3, 1),
(492, 219, 2, 1),
(493, 219, 8, 1),
(494, 219, 3, 1),
(495, 220, 2, 1),
(496, 220, 8, 1),
(497, 220, 3, 1),
(498, 221, 2, 1),
(499, 221, 8, 1),
(500, 221, 3, 1),
(501, 222, 2, 1),
(502, 222, 8, 1),
(503, 222, 3, 1),
(504, 223, 2, 1),
(505, 223, 8, 1),
(506, 223, 3, 1),
(507, 224, 2, 1),
(508, 224, 8, 1),
(509, 224, 3, 1),
(510, 225, 2, 1),
(511, 225, 8, 1),
(512, 225, 3, 1),
(513, 226, 2, 1),
(514, 226, 8, 1),
(515, 226, 3, 1),
(516, 227, 2, 1),
(517, 227, 8, 1),
(518, 227, 3, 1),
(519, 228, 2, 1),
(520, 228, 8, 1),
(521, 228, 3, 1),
(522, 229, 2, 1),
(523, 229, 8, 1),
(524, 229, 3, 1),
(525, 230, 2, 1),
(526, 230, 8, 1),
(527, 230, 3, 1),
(528, 231, 2, 1),
(529, 231, 8, 1),
(530, 231, 3, 1),
(531, 232, 2, 1),
(532, 232, 8, 1),
(533, 232, 3, 1),
(534, 233, 2, 1),
(535, 233, 8, 1),
(536, 233, 3, 1),
(537, 234, 2, 1),
(538, 234, 8, 1),
(539, 234, 3, 1),
(540, 235, 2, 1),
(541, 235, 8, 1),
(542, 235, 3, 1),
(543, 236, 2, 1),
(544, 236, 8, 1),
(545, 236, 3, 1),
(546, 237, 2, 1),
(547, 237, 8, 1),
(548, 237, 3, 1),
(549, 238, 2, 1),
(550, 238, 8, 1),
(551, 238, 3, 1),
(552, 239, 2, 1),
(553, 239, 8, 1),
(554, 239, 3, 1),
(555, 240, 2, 1),
(556, 240, 8, 1),
(557, 240, 3, 1),
(558, 241, 2, 1),
(559, 241, 8, 1),
(560, 241, 3, 1),
(561, 242, 2, 1),
(562, 242, 8, 1),
(563, 242, 3, 1),
(564, 243, 2, 1),
(565, 243, 8, 1),
(566, 243, 3, 1),
(567, 244, 2, 1),
(568, 244, 8, 1),
(569, 244, 3, 1),
(570, 245, 2, 1),
(571, 245, 8, 1),
(572, 245, 3, 1),
(573, 246, 2, 1),
(574, 246, 8, 1),
(575, 246, 3, 1),
(576, 247, 2, 1),
(577, 247, 8, 1),
(578, 247, 3, 1),
(579, 248, 2, 1),
(580, 248, 8, 1),
(581, 248, 3, 1),
(582, 249, 2, 1),
(583, 249, 8, 1),
(584, 249, 3, 1),
(585, 250, 2, 1),
(586, 250, 8, 1),
(587, 250, 3, 1),
(588, 251, 2, 1),
(589, 251, 8, 1),
(590, 251, 3, 1),
(591, 252, 2, 1),
(592, 252, 8, 1),
(593, 252, 3, 1),
(594, 253, 2, 1),
(595, 253, 8, 1),
(596, 253, 3, 1),
(597, 254, 2, 1),
(598, 254, 8, 1),
(599, 254, 3, 1),
(600, 255, 2, 1),
(601, 255, 8, 1),
(602, 255, 3, 1),
(603, 256, 2, 1),
(604, 256, 8, 1),
(605, 256, 3, 1),
(606, 257, 2, 1),
(607, 257, 8, 1),
(608, 257, 3, 1),
(609, 258, 2, 1),
(610, 258, 8, 1),
(611, 258, 3, 1),
(612, 259, 2, 1),
(613, 259, 8, 1),
(614, 259, 3, 1),
(615, 260, 2, 1),
(616, 260, 8, 1),
(617, 260, 3, 1),
(618, 261, 2, 1),
(619, 261, 8, 1),
(620, 261, 3, 1),
(621, 262, 2, 1),
(622, 262, 8, 1),
(623, 262, 3, 1),
(624, 263, 2, 1),
(625, 263, 8, 1),
(626, 263, 3, 1),
(627, 264, 2, 1),
(628, 264, 8, 1),
(629, 264, 3, 1),
(630, 265, 2, 1),
(631, 265, 8, 1),
(632, 265, 3, 1),
(633, 266, 2, 1),
(634, 266, 8, 1),
(635, 266, 3, 1),
(636, 267, 2, 1),
(637, 267, 8, 1),
(638, 267, 3, 1),
(639, 268, 2, 1),
(640, 268, 8, 1),
(641, 268, 3, 1),
(642, 269, 2, 1),
(643, 269, 8, 1),
(644, 269, 3, 1),
(645, 270, 2, 1),
(646, 270, 8, 1),
(647, 270, 3, 1),
(648, 271, 2, 1),
(649, 271, 8, 1),
(650, 271, 3, 1),
(651, 272, 2, 1),
(652, 272, 8, 1),
(653, 272, 3, 1),
(654, 273, 2, 1),
(655, 273, 8, 1),
(656, 273, 3, 1),
(657, 274, 2, 1),
(658, 274, 8, 1),
(659, 274, 3, 1),
(660, 275, 2, 1),
(661, 275, 8, 1),
(662, 275, 3, 1),
(663, 276, 2, 1),
(664, 276, 8, 1),
(665, 276, 3, 1),
(666, 277, 2, 1),
(667, 277, 8, 1),
(668, 277, 3, 1),
(669, 278, 2, 1),
(670, 278, 8, 1),
(671, 278, 3, 1),
(672, 279, 2, 1),
(673, 279, 8, 1),
(674, 279, 3, 1),
(675, 280, 2, 1),
(676, 280, 8, 1),
(677, 280, 3, 1),
(678, 281, 2, 1),
(679, 281, 8, 1),
(680, 281, 3, 1),
(681, 282, 2, 1),
(682, 282, 8, 1),
(683, 282, 3, 1),
(684, 283, 2, 1),
(685, 283, 8, 1),
(686, 283, 3, 1),
(687, 284, 2, 1),
(688, 284, 8, 1),
(689, 284, 3, 1),
(690, 285, 2, 1),
(691, 285, 8, 1),
(692, 285, 3, 1),
(693, 286, 2, 1),
(694, 286, 8, 1),
(695, 286, 3, 1),
(696, 287, 2, 1),
(697, 287, 8, 1),
(698, 287, 3, 1),
(699, 288, 2, 1),
(700, 288, 8, 1),
(701, 288, 3, 1),
(702, 289, 2, 1),
(703, 289, 8, 1),
(704, 289, 3, 1),
(705, 290, 2, 1),
(706, 290, 8, 1),
(707, 290, 3, 1),
(708, 291, 2, 1),
(709, 291, 8, 1),
(710, 291, 3, 1),
(711, 292, 2, 1),
(712, 292, 8, 1),
(713, 292, 3, 1),
(714, 293, 2, 1),
(715, 293, 8, 1),
(716, 293, 3, 1),
(717, 294, 2, 1),
(718, 294, 8, 1),
(719, 294, 3, 1),
(720, 295, 2, 1),
(721, 295, 8, 1),
(722, 295, 3, 1),
(723, 296, 2, 1),
(724, 296, 8, 1),
(725, 296, 3, 1),
(726, 297, 2, 1),
(727, 297, 8, 1),
(728, 297, 3, 1),
(729, 298, 2, 1),
(730, 298, 8, 1),
(731, 298, 3, 1),
(732, 299, 2, 1),
(733, 299, 8, 1),
(734, 299, 3, 1),
(735, 300, 2, 1),
(736, 300, 8, 1),
(737, 300, 3, 1),
(738, 301, 2, 1),
(739, 301, 8, 1),
(740, 301, 3, 1),
(741, 302, 2, 1),
(742, 302, 8, 1),
(743, 302, 3, 1),
(744, 303, 2, 1),
(745, 303, 8, 1),
(746, 303, 3, 1),
(747, 304, 2, 1),
(748, 304, 8, 1),
(749, 304, 3, 1),
(750, 305, 2, 1),
(751, 305, 8, 1),
(752, 305, 3, 1),
(753, 306, 2, 1),
(754, 306, 8, 1),
(755, 306, 3, 1),
(756, 307, 2, 1),
(757, 307, 8, 1),
(758, 307, 3, 1),
(759, 308, 2, 1),
(760, 308, 8, 1),
(761, 308, 3, 1),
(762, 309, 2, 1),
(763, 310, 3, 2),
(764, 311, 2, 1),
(765, 311, 4, 1);

-- --------------------------------------------------------

--
-- Table structure for table `bestellingen`
--

CREATE TABLE `bestellingen` (
  `bestelID` int(11) NOT NULL,
  `klantID` int(11) NOT NULL,
  `datumTijd` timestamp NOT NULL DEFAULT current_timestamp() ON UPDATE current_timestamp(),
  `totaalPrijs` float NOT NULL
) ENGINE=InnoDB DEFAULT CHARSET=utf8mb4 COLLATE=utf8mb4_general_ci;

--
-- Dumping data for table `bestellingen`
--

INSERT INTO `bestellingen` (`bestelID`, `klantID`, `datumTijd`, `totaalPrijs`) VALUES
(1, 2, '0000-00-00 00:00:00', 25),
(2, 2, '0000-00-00 00:00:00', 25),
(3, 4, '2023-05-15 06:55:18', 12),
(5, 4, '2023-05-15 07:22:15', 35),
(6, 4, '2023-05-15 08:28:49', 35),
(7, 4, '2023-05-15 08:29:16', 35),
(8, 4, '2023-05-15 08:30:06', 35),
(9, 8, '2023-05-15 08:30:55', 37.5),
(10, 8, '2023-05-15 08:31:43', 37.5),
(11, 10, '2023-05-15 08:46:22', 57),
(12, 10, '2023-05-15 08:47:51', 41),
(13, 10, '2023-05-15 08:50:13', 41),
(14, 10, '2023-05-15 08:50:46', 40),
(15, 10, '2023-05-15 08:54:06', 86),
(16, 3, '2023-05-15 08:56:55', 21),
(17, 3, '2023-05-15 09:00:56', 31),
(18, 3, '2023-05-15 09:01:31', 30),
(19, 3, '2023-05-15 09:02:37', 33),
(20, 3, '2023-05-15 09:47:25', 31),
(21, 3, '2023-05-15 09:50:36', 24),
(22, 10, '2023-05-15 09:51:11', 30),
(23, 10, '2023-05-15 09:52:50', 30),
(24, 10, '2023-05-15 09:55:25', 30),
(25, 10, '2023-05-15 09:56:46', 30),
(26, 10, '2023-05-15 09:59:05', 30),
(27, 10, '2023-05-15 10:07:05', 33),
(28, 3, '2023-05-15 10:07:30', 30),
(29, 3, '2023-05-15 10:08:31', 30),
(30, 10, '2023-05-15 10:08:46', 33),
(31, 10, '2023-05-15 10:09:54', 41.5),
(32, 3, '2023-05-15 11:55:10', 28),
(33, 10, '2023-05-15 11:58:14', 27),
(34, 10, '2023-05-15 12:00:39', 44),
(35, 11, '2023-05-16 06:55:37', 45),
(36, 11, '2023-05-16 06:56:15', 25.5),
(37, 3, '2023-05-16 09:38:38', 584),
(38, 3, '2023-05-16 09:39:46', 36),
(39, 10, '2023-05-16 09:40:39', 40),
(40, 12, '2023-05-16 09:54:12', 20),
(41, 12, '2023-05-16 09:55:31', 22),
(42, 13, '2023-05-30 09:02:46', 23),
(43, 13, '2023-05-30 09:08:15', 8.5),
(44, 13, '2023-06-05 07:40:41', 17.5),
(45, 13, '2023-06-05 07:41:22', 8.5),
(46, 13, '2023-06-05 07:42:28', 9.5),
(47, 13, '2023-06-05 07:48:24', 8.5),
(48, 13, '2023-06-05 07:48:53', 8.5),
(49, 13, '2023-06-05 07:48:54', 8.5),
(50, 13, '2023-06-05 07:49:50', 8.5),
(51, 13, '2023-06-05 07:49:55', 8.5),
(52, 13, '2023-06-05 07:50:20', 9.5),
(53, 13, '2023-06-05 07:50:48', 9.5),
(54, 13, '2023-06-05 08:00:45', 9.5),
(55, 13, '2023-06-05 08:01:06', 9.5),
(56, 13, '2023-06-05 08:01:15', 9.5),
(57, 13, '2023-06-05 08:01:20', 9.5),
(58, 13, '2023-06-05 08:01:26', 9.5),
(59, 13, '2023-06-05 08:01:34', 9.5),
(60, 13, '2023-06-05 08:01:46', 9.5),
(61, 13, '2023-06-05 08:02:06', 9.5),
(62, 13, '2023-06-05 08:02:55', 9.5),
(63, 13, '2023-06-05 08:04:14', 9.5),
(64, 13, '2023-06-05 08:04:35', 9.5),
(65, 13, '2023-06-05 08:04:35', 9.5),
(66, 13, '2023-06-05 08:05:12', 9.5),
(67, 13, '2023-06-05 08:05:23', 9.5),
(68, 13, '2023-06-05 08:05:33', 9.5),
(69, 13, '2023-06-05 08:05:46', 9.5),
(70, 13, '2023-06-05 08:06:01', 9.5),
(71, 13, '2023-06-05 08:06:20', 9.5),
(72, 13, '2023-06-05 08:06:32', 9.5),
(73, 13, '2023-06-05 08:07:02', 9.5),
(74, 13, '2023-06-05 08:07:03', 9.5),
(75, 13, '2023-06-05 08:07:11', 9.5),
(76, 13, '2023-06-05 08:07:53', 9.5),
(77, 13, '2023-06-05 08:07:54', 9.5),
(78, 13, '2023-06-05 08:08:30', 9.5),
(79, 13, '2023-06-05 08:08:42', 9.5),
(80, 13, '2023-06-05 08:09:14', 9.5),
(81, 13, '2023-06-05 08:10:30', 9.5),
(82, 13, '2023-06-05 08:10:54', 9.5),
(83, 13, '2023-06-05 08:11:03', 9.5),
(84, 13, '2023-06-05 08:12:29', 9.5),
(85, 13, '2023-06-05 08:13:13', 9.5),
(86, 13, '2023-06-05 08:13:20', 9.5),
(87, 13, '2023-06-05 08:13:28', 9.5),
(88, 13, '2023-06-05 08:13:55', 9.5),
(89, 13, '2023-06-05 08:14:07', 9.5),
(90, 13, '2023-06-05 08:14:46', 9.5),
(91, 13, '2023-06-05 08:15:08', 9.5),
(92, 13, '2023-06-05 08:15:32', 9.5),
(93, 13, '2023-06-05 08:16:01', 9.5),
(94, 13, '2023-06-05 08:16:02', 9.5),
(95, 13, '2023-06-05 08:16:39', 9.5),
(96, 13, '2023-06-05 08:16:47', 9.5),
(97, 13, '2023-06-05 08:17:00', 9.5),
(98, 13, '2023-06-05 08:17:14', 9.5),
(99, 13, '2023-06-05 08:18:25', 9.5),
(100, 13, '2023-06-05 08:18:26', 9.5),
(101, 13, '2023-06-05 08:18:26', 9.5),
(102, 13, '2023-06-05 08:18:37', 9.5),
(103, 13, '2023-06-05 08:19:27', 9.5),
(104, 13, '2023-06-05 08:19:37', 9.5),
(105, 13, '2023-06-05 08:21:36', 9.5),
(106, 13, '2023-06-05 08:21:50', 9.5),
(107, 13, '2023-06-05 08:21:51', 9.5),
(108, 13, '2023-06-05 08:21:51', 9.5),
(109, 13, '2023-06-05 08:21:51', 9.5),
(110, 13, '2023-06-05 08:22:43', 9.5),
(111, 13, '2023-06-05 08:23:11', 9.5),
(112, 13, '2023-06-05 08:23:24', 9.5),
(113, 13, '2023-06-05 08:23:32', 9.5),
(114, 13, '2023-06-05 08:23:37', 9.5),
(115, 13, '2023-06-05 08:24:25', 9.5),
(116, 13, '2023-06-05 08:24:35', 9.5),
(117, 13, '2023-06-05 08:26:08', 9.5),
(118, 13, '2023-06-05 08:27:15', 9.5),
(119, 13, '2023-06-05 08:28:06', 51.5),
(120, 13, '2023-06-05 08:31:32', 51.5),
(121, 13, '2023-06-05 08:32:32', 51.5),
(122, 13, '2023-06-05 08:32:53', 51.5),
(123, 13, '2023-06-05 08:33:54', 51.5),
(124, 13, '2023-06-05 08:34:42', 51.5),
(125, 13, '2023-06-05 08:34:55', 51.5),
(126, 13, '2023-06-05 08:34:56', 51.5),
(127, 13, '2023-06-05 08:35:16', 51.5),
(128, 13, '2023-06-05 08:35:16', 51.5),
(129, 13, '2023-06-05 08:35:35', 51.5),
(130, 13, '2023-06-05 08:35:45', 51.5),
(131, 13, '2023-06-05 08:36:14', 51.5),
(132, 13, '2023-06-05 08:36:15', 51.5),
(133, 13, '2023-06-05 08:36:23', 51.5),
(134, 13, '2023-06-05 08:36:26', 51.5),
(135, 13, '2023-06-05 08:36:55', 51.5),
(136, 13, '2023-06-05 08:36:55', 51.5),
(137, 13, '2023-06-05 08:36:55', 51.5),
(138, 13, '2023-06-05 08:37:35', 51.5),
(139, 13, '2023-06-05 08:37:46', 51.5),
(140, 13, '2023-06-05 08:38:09', 51.5),
(141, 13, '2023-06-05 08:38:23', 51.5),
(142, 13, '2023-06-05 08:38:41', 51.5),
(143, 13, '2023-06-05 08:40:00', 51.5),
(144, 13, '2023-06-05 08:40:17', 51.5),
(145, 13, '2023-06-05 08:41:03', 51.5),
(146, 13, '2023-06-05 08:41:11', 51.5),
(147, 13, '2023-06-05 08:41:19', 51.5),
(148, 13, '2023-06-05 08:41:25', 51.5),
(149, 13, '2023-06-05 08:41:54', 51.5),
(150, 13, '2023-06-05 08:41:54', 51.5),
(151, 13, '2023-06-05 08:42:04', 51.5),
(152, 13, '2023-06-05 08:42:10', 51.5),
(153, 13, '2023-06-05 08:42:15', 51.5),
(154, 13, '2023-06-05 08:42:20', 51.5),
(155, 13, '2023-06-05 08:42:25', 51.5),
(156, 13, '2023-06-05 08:42:44', 51.5),
(157, 13, '2023-06-05 08:42:57', 51.5),
(158, 13, '2023-06-05 08:45:18', 51.5),
(159, 13, '2023-06-05 08:45:39', 51.5),
(160, 13, '2023-06-05 08:45:46', 51.5),
(161, 13, '2023-06-05 09:13:25', 51.5),
(162, 13, '2023-06-05 09:14:05', 51.5),
(163, 13, '2023-06-05 09:22:27', 51.5),
(164, 13, '2023-06-05 09:22:28', 51.5),
(165, 13, '2023-06-05 09:22:38', 51.5),
(166, 13, '2023-06-05 09:22:48', 51.5),
(167, 13, '2023-06-05 09:23:00', 51.5),
(168, 13, '2023-06-05 09:24:22', 51.5),
(169, 13, '2023-06-05 09:32:07', 28),
(170, 13, '2023-06-05 09:33:12', 28),
(171, 13, '2023-06-05 09:33:12', 28),
(172, 13, '2023-06-05 09:34:25', 28),
(173, 13, '2023-06-05 11:28:02', 28),
(174, 13, '2023-06-05 11:28:04', 28),
(175, 13, '2023-06-05 11:28:05', 28),
(176, 13, '2023-06-05 11:29:56', 28),
(177, 13, '2023-06-05 11:31:36', 28),
(178, 13, '2023-06-05 11:40:20', 28),
(179, 13, '2023-06-05 11:41:11', 28),
(180, 13, '2023-06-05 11:41:48', 28),
(181, 13, '2023-06-05 11:41:56', 28),
(182, 13, '2023-06-05 11:42:19', 28),
(183, 13, '2023-06-05 11:42:26', 28),
(184, 13, '2023-06-05 11:42:36', 28),
(185, 13, '2023-06-05 11:42:49', 28),
(186, 13, '2023-06-05 11:43:06', 28),
(187, 13, '2023-06-05 11:43:42', 28),
(188, 13, '2023-06-05 11:43:42', 28),
(189, 13, '2023-06-05 11:44:24', 28),
(190, 13, '2023-06-05 11:44:30', 28),
(191, 13, '2023-06-05 11:44:31', 28),
(192, 13, '2023-06-05 11:44:31', 28),
(193, 13, '2023-06-05 11:45:09', 28),
(194, 13, '2023-06-05 11:45:12', 28),
(195, 13, '2023-06-05 11:45:22', 28),
(196, 13, '2023-06-05 11:45:26', 28),
(197, 13, '2023-06-05 11:45:31', 28),
(198, 13, '2023-06-05 11:45:36', 28),
(199, 13, '2023-06-05 11:45:51', 28),
(200, 13, '2023-06-05 11:46:41', 28),
(201, 13, '2023-06-05 11:48:21', 28),
(202, 13, '2023-06-05 11:48:22', 28),
(203, 13, '2023-06-05 11:48:30', 28),
(204, 13, '2023-06-05 11:48:43', 28),
(205, 13, '2023-06-05 11:49:44', 28),
(206, 13, '2023-06-05 11:49:58', 28),
(207, 13, '2023-06-05 11:50:29', 28),
(208, 13, '2023-06-05 11:51:08', 28),
(209, 13, '2023-06-05 11:51:08', 28),
(210, 13, '2023-06-05 11:51:09', 28),
(211, 13, '2023-06-05 11:51:09', 28),
(212, 13, '2023-06-05 11:51:18', 28),
(213, 13, '2023-06-05 11:51:19', 28),
(214, 13, '2023-06-05 11:51:33', 28),
(215, 13, '2023-06-05 11:51:34', 28),
(216, 13, '2023-06-05 11:51:34', 28),
(217, 13, '2023-06-05 11:53:06', 28),
(218, 13, '2023-06-05 11:53:54', 28),
(219, 13, '2023-06-05 11:54:10', 28),
(220, 13, '2023-06-05 11:54:19', 28),
(221, 13, '2023-06-05 11:54:25', 28),
(222, 13, '2023-06-05 11:54:32', 28),
(223, 13, '2023-06-05 11:54:38', 28),
(224, 13, '2023-06-05 11:55:45', 28),
(225, 13, '2023-06-05 11:56:08', 28),
(226, 13, '2023-06-05 11:56:28', 28),
(227, 13, '2023-06-05 11:56:54', 28),
(228, 13, '2023-06-05 11:57:10', 28),
(229, 13, '2023-06-05 11:57:25', 28),
(230, 13, '2023-06-05 11:57:43', 28),
(231, 13, '2023-06-05 11:59:22', 28),
(232, 13, '2023-06-05 11:59:39', 28),
(233, 13, '2023-06-05 12:02:21', 28),
(234, 13, '2023-06-05 12:03:12', 28),
(235, 13, '2023-06-05 12:03:28', 28),
(236, 13, '2023-06-05 12:04:00', 28),
(237, 13, '2023-06-05 12:04:35', 28),
(238, 13, '2023-06-05 12:04:48', 28),
(239, 13, '2023-06-05 12:05:00', 28),
(240, 13, '2023-06-05 12:05:13', 28),
(241, 13, '2023-06-05 12:05:25', 28),
(242, 13, '2023-06-05 12:05:26', 28),
(243, 13, '2023-06-05 12:05:26', 28),
(244, 13, '2023-06-05 12:05:28', 28),
(245, 13, '2023-06-05 12:05:29', 28),
(246, 13, '2023-06-05 12:05:29', 28),
(247, 13, '2023-06-05 12:05:40', 28),
(248, 13, '2023-06-05 12:06:39', 28),
(249, 13, '2023-06-05 12:09:53', 28),
(250, 13, '2023-06-05 12:12:11', 28),
(251, 13, '2023-06-05 12:12:35', 28),
(252, 13, '2023-06-05 12:12:50', 28),
(253, 13, '2023-06-05 12:12:56', 28),
(254, 13, '2023-06-05 12:13:06', 28),
(255, 13, '2023-06-05 12:13:16', 28),
(256, 13, '2023-06-05 12:13:40', 28),
(257, 13, '2023-06-05 12:13:56', 28),
(258, 13, '2023-06-05 12:14:15', 28),
(259, 13, '2023-06-05 12:14:46', 28),
(260, 13, '2023-06-05 12:14:59', 28),
(261, 13, '2023-06-05 12:15:30', 28),
(262, 13, '2023-06-05 12:15:43', 28),
(263, 13, '2023-06-05 12:15:50', 28),
(264, 13, '2023-06-05 12:15:59', 28),
(265, 13, '2023-06-05 12:17:09', 28),
(266, 13, '2023-06-05 12:17:21', 28),
(267, 13, '2023-06-05 12:18:08', 28),
(268, 13, '2023-06-05 12:18:14', 28),
(269, 13, '2023-06-05 12:19:23', 28),
(270, 13, '2023-06-05 12:19:51', 28),
(271, 13, '2023-06-05 12:19:59', 28),
(272, 13, '2023-06-05 12:20:07', 28),
(273, 13, '2023-06-05 12:20:20', 28),
(274, 13, '2023-06-05 12:20:34', 28),
(275, 13, '2023-06-05 12:20:45', 28),
(276, 13, '2023-06-05 12:20:54', 28),
(277, 13, '2023-06-05 12:21:01', 28),
(278, 13, '2023-06-05 12:21:07', 28),
(279, 13, '2023-06-05 12:21:29', 28),
(280, 13, '2023-06-05 12:21:39', 28),
(281, 13, '2023-06-05 12:21:53', 28),
(282, 13, '2023-06-05 12:21:57', 28),
(283, 13, '2023-06-05 12:22:04', 28),
(284, 13, '2023-06-05 12:22:29', 28),
(285, 13, '2023-06-05 12:22:37', 28),
(286, 13, '2023-06-05 12:23:22', 28),
(287, 13, '2023-06-05 12:23:34', 28),
(288, 13, '2023-06-05 12:23:35', 28),
(289, 13, '2023-06-05 12:23:35', 28),
(290, 13, '2023-06-05 12:24:09', 28),
(291, 13, '2023-06-05 12:24:19', 28),
(292, 13, '2023-06-05 12:24:48', 28),
(293, 13, '2023-06-05 12:26:27', 28),
(294, 13, '2023-06-05 12:26:50', 28),
(295, 13, '2023-06-05 12:26:55', 28),
(296, 13, '2023-06-05 12:28:26', 28),
(297, 13, '2023-06-05 12:28:33', 28),
(298, 13, '2023-06-05 12:28:39', 28),
(299, 13, '2023-06-05 12:30:43', 28),
(300, 13, '2023-06-05 12:31:21', 28),
(301, 13, '2023-06-05 12:31:22', 28),
(302, 13, '2023-06-05 12:31:33', 28),
(303, 13, '2023-06-05 12:32:32', 28),
(304, 13, '2023-06-05 12:32:43', 28),
(305, 13, '2023-06-05 12:32:59', 28),
(306, 13, '2023-06-05 12:33:09', 28),
(307, 13, '2023-06-05 12:33:27', 28),
(308, 13, '2023-06-05 12:33:40', 28),
(309, 13, '2023-06-05 12:44:15', 8.5),
(310, 13, '2023-06-05 12:46:04', 19),
(311, 13, '2023-06-05 12:47:04', 20);

-- --------------------------------------------------------

--
-- Table structure for table `klanten`
--

CREATE TABLE `klanten` (
  `klantID` int(11) NOT NULL,
  `voornaam` text NOT NULL,
  `achternaam` text NOT NULL,
  `straatnaam` text NOT NULL,
  `huisnummer` int(11) NOT NULL,
  `plaatsID` int(11) NOT NULL,
  `email` varchar(200) NOT NULL,
  `wachtwoord` varchar(255) NOT NULL,
  `opmerkingen` text NOT NULL,
  `promo` tinyint(1) NOT NULL
) ENGINE=InnoDB DEFAULT CHARSET=utf8mb4 COLLATE=utf8mb4_general_ci;

--
-- Dumping data for table `klanten`
--

INSERT INTO `klanten` (`klantID`, `voornaam`, `achternaam`, `straatnaam`, `huisnummer`, `plaatsID`, `email`, `wachtwoord`, `opmerkingen`, `promo`) VALUES
(1, 'Geert', 'Janssens', 'Visserij', 102, 1, 'Geert.Janssens@hotmail.be', 'Tapijten', '', 0),
(2, 'Pieter', 'Janssens', 'ergensinGentStraat', 58, 1, 'Pieter.Janssens@hotmail.be', 'Generals', '', 0),
(3, 'Viktortje', 'Vantje', 'anderestraat', 12, 1, 'viktor.v.t@hotmail.com', 'kaka', 'geen', 1),
(4, 'platje', 'platy', 'ezez', 7, 5, 'platy@hotmail.com', 'pipi', '', 0),
(5, 'someone', 'ssss', 'ssss', 4, 6, 'gsdgs@rop.be', 'rere', '', 0),
(6, 'khal', 'Drogo', 'medusa', 54, 4, 'tjok.bossuyt@gmail.com', 'rere', '', 0),
(7, 'trer', 'ret', 'retre', 5, 3, 'kaka@an.be', 'rere', '', 0),
(8, 'dsfds', 'sdfds', 'sdfds', 6, 6, 'rezze@poop.bz', 're', '', 0),
(9, 'GTRRT', 'FGFD', 'DFGDFG', 6, 6, 'fili@pzozo.be', 'RE', '', 0),
(10, 'ria', 'redant', 'nogietsanders', 65, 8, 'Ria.redant@outlook.be', 'kaka', '', 0),
(11, 'Gitte', 'Catoir', 'kokokoo', 54, 3, 'Gitte@catoir.be', 'kaka', '', 0),
(12, 'hash', 'hashahs', 'hazhshah', 56, 3, 'hash@hash.be', '$2y$10$kkWdE0w2vWoJCdjyk5zvWeaA97.2SKYDtElqLkTjDKJwKYaA8Omgi', '', 0),
(13, 'kaka', 'samen', 'zijn', 10, 4, 'kakaka@hotmail.com', '$2y$10$GGtyUM/GSImDEnxPy0POIuakv6a5qAbG1WZXPxflaFJ427Mc6O59S', 's', 0);

-- --------------------------------------------------------

--
-- Table structure for table `pizza`
--

CREATE TABLE `pizza` (
  `pizzaID` int(11) NOT NULL,
  `naam` text NOT NULL,
  `omschrijving` text NOT NULL,
  `prijs` float NOT NULL,
  `promotieprijs` float NOT NULL
) ENGINE=InnoDB DEFAULT CHARSET=utf8mb4 COLLATE=utf8mb4_general_ci;

--
-- Dumping data for table `pizza`
--

INSERT INTO `pizza` (`pizzaID`, `naam`, `omschrijving`, `prijs`, `promotieprijs`) VALUES
(1, 'Pizza Margherita', 'Basilicum voor groen, Mozzarella voor wit en Tomaat voor rood', 8, 7),
(2, 'Pizza Marinara', 'tomaat, knoflook, oregano en extra vergine olijfolie', 8.5, 7.5),
(3, 'Pizza Capricciosa', 'pizza is made with tomato sauce, mozzarella, mushrooms, artichokes, olives, olive oil, and cooked prosciutto (ham)', 9.5, 8.5),
(4, 'Pizza Carpaccio ', 'tomato sauce, mozzarella, beef carpaccio, arugula, and Parmesan', 11.5, 10.5),
(5, 'Pizza Diavola', 'tomato sauce, mozzarella, spicy Italian salami, and hot chili peppers', 11, 10),
(6, 'Pizza Frutti di Mare', 'tomato sauce, mozzarella, and seafood (vongole, tiger prawns, mussels)', 12, 11),
(7, 'Pizza Al funghi', 'fresh mushrooms, tomato sauce, and mozzarella', 9, 8),
(8, 'Pizza Parma', 'tomato sauce, mozzarella, arugula, and cherry tomatoes, Prosciutto di Parma', 10, 9),
(9, 'Pizza Quattro formaggi', 'tomato sauce and four cheeses (mozzarella, Pecorino, Gorgonzola Piccante, and Parmigiano Reggiano)', 11, 10),
(10, 'Pizza Quatro stagioni', 'tomato sauce, mozzarella, Parmesan cheese, basil, mushrooms, artichokes, cooked ham, olives, and olive oil', 11, 10),
(11, 'Pizza Romana', 'tomato sauce and toppings such as mozzarella, anchovies, olive oil, and oregano', 9.5, 8),
(12, 'Pizza Tartufata', 'mozzarella, mushrooms, Oyster mushrooms, truffle oil, arugula, and Parmigiano.', 12, 11.5);

-- --------------------------------------------------------

--
-- Table structure for table `plaatsen`
--

CREATE TABLE `plaatsen` (
  `plaatsID` int(11) NOT NULL,
  `gemeente` text NOT NULL,
  `postcode` varchar(8) NOT NULL,
  `isleverbaar` tinyint(1) NOT NULL
) ENGINE=InnoDB DEFAULT CHARSET=utf8mb4 COLLATE=utf8mb4_general_ci;

--
-- Dumping data for table `plaatsen`
--

INSERT INTO `plaatsen` (`plaatsID`, `gemeente`, `postcode`, `isleverbaar`) VALUES
(1, 'Gent', '9000', 1),
(2, 'Ledeberg', '9050', 1),
(3, 'Drongen', '9031', 1),
(4, 'Mariakerke', '9030', 1),
(5, 'Sint-Amandsberg', '9040', 1),
(6, 'Wondelgem', '9032', 1),
(7, 'Zwijnaarde', '9052', 1),
(8, 'Gentbrugge', '9050', 1);

--
-- Indexes for dumped tables
--

--
-- Indexes for table `berichten`
--
ALTER TABLE `berichten`
  ADD PRIMARY KEY (`berichtID`);

--
-- Indexes for table `bestellijnen`
--
ALTER TABLE `bestellijnen`
  ADD PRIMARY KEY (`bestelLijnID`),
  ADD KEY `bestelID` (`bestelID`),
  ADD KEY `pizzaID` (`pizzaID`);

--
-- Indexes for table `bestellingen`
--
ALTER TABLE `bestellingen`
  ADD PRIMARY KEY (`bestelID`),
  ADD KEY `klantID` (`klantID`);

--
-- Indexes for table `klanten`
--
ALTER TABLE `klanten`
  ADD PRIMARY KEY (`klantID`),
  ADD KEY `plaatsID` (`plaatsID`);

--
-- Indexes for table `pizza`
--
ALTER TABLE `pizza`
  ADD PRIMARY KEY (`pizzaID`);

--
-- Indexes for table `plaatsen`
--
ALTER TABLE `plaatsen`
  ADD PRIMARY KEY (`plaatsID`);

--
-- AUTO_INCREMENT for dumped tables
--

--
-- AUTO_INCREMENT for table `berichten`
--
ALTER TABLE `berichten`
  MODIFY `berichtID` int(11) NOT NULL AUTO_INCREMENT, AUTO_INCREMENT=2;

--
-- AUTO_INCREMENT for table `bestellijnen`
--
ALTER TABLE `bestellijnen`
  MODIFY `bestelLijnID` int(11) NOT NULL AUTO_INCREMENT, AUTO_INCREMENT=766;

--
-- AUTO_INCREMENT for table `bestellingen`
--
ALTER TABLE `bestellingen`
  MODIFY `bestelID` int(11) NOT NULL AUTO_INCREMENT, AUTO_INCREMENT=312;

--
-- AUTO_INCREMENT for table `klanten`
--
ALTER TABLE `klanten`
  MODIFY `klantID` int(11) NOT NULL AUTO_INCREMENT, AUTO_INCREMENT=14;

--
-- AUTO_INCREMENT for table `pizza`
--
ALTER TABLE `pizza`
  MODIFY `pizzaID` int(11) NOT NULL AUTO_INCREMENT, AUTO_INCREMENT=13;

--
-- AUTO_INCREMENT for table `plaatsen`
--
ALTER TABLE `plaatsen`
  MODIFY `plaatsID` int(11) NOT NULL AUTO_INCREMENT, AUTO_INCREMENT=9;

--
-- Constraints for dumped tables
--

--
-- Constraints for table `bestellijnen`
--
ALTER TABLE `bestellijnen`
  ADD CONSTRAINT `bestellijnen_ibfk_1` FOREIGN KEY (`bestelID`) REFERENCES `bestellingen` (`bestelID`),
  ADD CONSTRAINT `bestellijnen_ibfk_2` FOREIGN KEY (`pizzaID`) REFERENCES `pizza` (`pizzaID`);

--
-- Constraints for table `bestellingen`
--
ALTER TABLE `bestellingen`
  ADD CONSTRAINT `bestellingen_ibfk_1` FOREIGN KEY (`klantID`) REFERENCES `klanten` (`klantID`);

--
-- Constraints for table `klanten`
--
ALTER TABLE `klanten`
  ADD CONSTRAINT `klanten_ibfk_1` FOREIGN KEY (`plaatsID`) REFERENCES `plaatsen` (`plaatsID`);
COMMIT;

/*!40101 SET CHARACTER_SET_CLIENT=@OLD_CHARACTER_SET_CLIENT */;
/*!40101 SET CHARACTER_SET_RESULTS=@OLD_CHARACTER_SET_RESULTS */;
/*!40101 SET COLLATION_CONNECTION=@OLD_COLLATION_CONNECTION */;
